objective-value	target-start	target-end	target-length	left-primer-start	left-primer-num-primers	left-primer-frac-bound	left-primer-target-sequences	right-primer-start	right-primer-num-primers	right-primer-frac-bound	right-primer-target-sequences	num-guides	total-frac-bound-by-guides	guide-set-expected-activity	guide-set-median-activity	guide-set-5th-pctile-activity	guide-expected-activities	guide-target-sequences	guide-target-sequence-positions
5.377777041256076	13477	13565	88	13477	1	1.0	GGCTGGTCTTTATTACGAAGCCCTTTCTTA	13535	1	1.0	ACTAAGCGTAATGTCATGCCTACCATGACG	1	1.0	3.5796157717704773	3.5796157717704773	3.5796157717704773	3.5796157717704773	TGAGGAGCAAGACCAGTTGTATGCTGTG	{13507}
5.350461603462344	3402	3490	88	3402	1	1.0	TGTGCTGCATCGTTTATTGGCAGTGTTACT	3460	1	1.0	ACACTGGTAAGGCCGTAGATGGTTTTGGTG	1	1.0	3.5523003339767456	3.5523003339767456	3.5523003339767456	3.5523003339767456	AGTGGGCATTATCGTACTAATGTCTATC	{3432}
5.319206656276828	26255	26343	88	26255	1	1.0	AGAACCAAAATAATCAGCCCACAGGAGATG	26313	1	1.0	TCGCAATAGATCTAACTCACGGAACCGTAG	1	1.0	3.5210453867912292	3.5210453867912292	3.5210453867912292	3.5210453867912292	GTGGATCAAATGGTCAACGTAACCAGCC	{26285}
5.3129949582215605	7740	7828	88	7740	1	1.0	CCTAACACTTATTACAAAATGGAAGACGGT	7798	1	1.0	CACGTGGTTTTGGTTTTAGAGCCGTACGTA	1	1.0	3.514833688735962	3.514833688735962	3.514833688735962	3.514833688735962	CGCCATGTCATATTTCCTGAAGTTTTGG	{7770}
5.3119204728172305	2346	2436	90	2346	1	1.0	GTTAAACCCATTAGGATTGAAACAGAGTCA	2406	1	1.0	CCCCGTGATGGTGGTGTGGTCAAGATAATA	1	1.0	3.5386431217193604	3.5386431217193604	3.5386431217193604	3.5386431217193604	GTGAGCTTCATGAAGTGGACTTTGTTAC	{2377}
5.305421643269804	5923	6012	89	5923	1	1.0	ATGGTTACCAGGAGTTATCTGACTTTCCCC	5982	1	1.0	CATCCACTTTTAGTGAGTTTTATGCCTCTT	1	1.0	3.5199168920516968	3.5199168920516968	3.5199168920516968	3.5199168920516968	CTTGGACTTGACATGGGAGTTTATAACG	{5954}
5.3017085207101164	19989	20077	88	19989	1	1.0	CCCACTTAAGCCATGTATAAAACATTCCTT	20047	1	1.0	ACTGTCAAAATGCTTGCAACCAAGTTTTGC	1	1.0	3.503547251224518	3.503547251224518	3.503547251224518	3.503547251224518	TTGGTTGTTTTTACAGTGACTGTTGTTC	{20019}
5.300806225597507	17011	17099	88	17011	1	1.0	AGTTGTGCGTAAGCGTATAGTACAAATGTG	17069	1	1.0	ATCATAATCTTTGTGTTATGGGCGGGTGGA	1	1.0	3.502644956111908	3.502644956111908	3.502644956111908	3.502644956111908	TTGTGATTGTATGTCTGGTATGTCCGAC	{17041}
5.297662915050632	23845	23933	88	23845	1	1.0	GTCTCCAGCAACACATCCAAAATATCAATA	23903	1	1.0	TAGACTTGAAACTTATGTCAAGTGGCCTTG	1	1.0	3.499501645565033	3.499501645565033	3.499501645565033	3.499501645565033	ATTCTTTGATAGATTTGGAGTGGCTTGA	{23875}
5.2958102154858375	23942	24031	89	23942	1	1.0	GCTGTGCTTTGCAGTTGTTTTTGTCATATT	24001	1	1.0	CCACAGGTTGTTGTGGGTGTTGTAGCTGTA	1	1.0	3.5103054642677307	3.5103054642677307	3.5103054642677307	3.5103054642677307	CTAGGACTGATGCTTTGGTGTTGCATAG	{23973}
5.289426506816989	27354	27442	88	27354	1	1.0	GAAGCCCCATATGCTGAGGATGCTGCAACT	27412	1	1.0	CAGACACTGGCCGCTTAAGTGCTGCAAGAT	1	1.0	3.4912652373313904	3.4912652373313904	3.4912652373313904	3.4912652373313904	AGTGATTAAGTAAGAAGAAAAATCTGAA	{27384}
5.286224724113589	24345	24433	88	24345	1	1.0	CTTTACTACTTTACACAGGTGCATACATTG	24403	1	1.0	ATGCAGGTTTTTCTATGTTGCGTACTTTGC	1	1.0	3.4880634546279907	3.4880634546279907	3.4880634546279907	3.4880634546279907	ATGGTAGCCTCACTGCAATTATCCTGCT	{24375}
5.279986203968173	21320	21408	88	21320	1	1.0	GCTTGTTGATATTGAGGAGACTTATATCAC	21378	1	1.0	AACCGCCTTAAGTGTCAACAGCAGAGGTTC	1	1.0	3.4818249344825745	3.4818249344825745	3.4818249344825745	3.4818249344825745	TGGCATTTTGTATTGTGACACACCTTTG	{21350}
5.27818918353284	24087	24175	88	24087	1	1.0	GAAGTGGAGAAGATCCACATTCAGTAATGT	24145	1	1.0	TGCCGCAAGTGTGGTTCGAACGTCCATCGT	1	1.0	3.480027914047241	3.480027914047241	3.480027914047241	3.480027914047241	TTGGTTTGTTTCAACTCAATATACAAAA	{24117}
5.266921513093259	20167	20256	89	20167	1	1.0	ACGGGGGCACCACAAAGCTGCAAGGGCATG	20226	1	1.0	TATGCTAGAGCCTGGTCATTCGGTGTTGGT	1	1.0	3.4814167618751526	3.4814167618751526	3.4814167618751526	3.4814167618751526	AAGGGCTGTTTTTATGCGTTATTATGCA	{20198}
5.266419471561557	27475	27563	88	27475	1	1.0	CACAACGGTAAGCCAGTGGTCATGTCAGCA	27533	1	1.0	ACGAGTCGAACGCAATACATGCTATTTAAG	1	1.0	3.4682582020759583	3.4682582020759583	3.4682582020759583	3.4682582020759583	CAATGAAGGATATGACCATGTTGCTTTG	{27505}
5.262207986175662	3301	3389	88	3301	1	1.0	TGTGTAATAGTATGGCTGCTTGCACTATTA	3359	1	1.0	CCAAAAACCAGGTCCTGCCAATGATCTATA	1	1.0	3.4640467166900635	3.4640467166900635	3.4640467166900635	3.4640467166900635	AAGGTATAAAAGGTACGGCCATATTTTG	{3331}
5.261577428638583	27564	27652	88	27564	1	1.0	GTAACCCAGAATGAGTACAAAGATCCGCTA	27622	1	1.0	ATGAGCGATGTTACAGAAGTACGCCATAAG	1	1.0	3.4634161591529846	3.4634161591529846	3.4634161591529846	3.4634161591529846	TGACGAGCCTAACATGCTAGTTAGTGCA	{27594}
5.257127584278232	343	431	88	343	1	1.0	TTGTACCCCTTTCTATGGCTGACTGTGTTG	401	1	1.0	TCTTGTAAACAACGACACAAGTTGCCTGAC	1	1.0	3.458966314792633	3.458966314792633	3.458966314792633	3.458966314792633	AGGGTTTGCTTAGTGACGAATTTGTCGT	{373}
5.256327928363925	5740	5828	88	5740	1	1.0	GCACTGTAAAGTTTGTCATGAAGTTGCTTG	5798	1	1.0	TTTCTTGACAGTGCGTTTTAGTCCTTTGAA	1	1.0	3.4581666588783264	3.4581666588783264	3.4581666588783264	3.4581666588783264	TCATGTTTTATACATTGTACATGTTGCT	{5770}
